{
    "description": "Packer box for A00945652",
    "variables": {
        "admin_user": "midterm",
        "admin_passwd": "P@ssw0rd",
        "pub_key_file": "./files/midterm_id_rsa.pub",
        "iso_url": "./isos/CentOS-7-x86_64-Minimal-1908.iso",
        "iso_checksum_url": "./isos/shasum.txt",
	"setup_folder":"./files/setup",
	"network_name":"NETMIDTERM",
        "iso_checksum_type": "sha256",
        "http_directory": "./files/http",
        "shutdown_command": "sudo shutdown now"
    },
    "builders": [
        {
            "type": "virtualbox-iso",
            "output_directory": "./output",
            "vm_name": "A00945652_packer",
            "iso_url": "{{ user `iso_url` }}",
            "iso_checksum_url": "{{ user `iso_checksum_url` }}",
            "iso_checksum_type": "{{ user `iso_checksum_type` }}",
            "http_directory": "{{ user `http_directory` }}",
            "shutdown_command": "{{ user `shutdown_command` }}",
            "ssh_username": "{{ user `admin_user` }}",
            "ssh_password": "{{ user `admin_passwd` }}",
            "ssh_timeout": "20m",
            "ssh_pty": "true",
            "boot_command": [
                "<up><wait><tab><wait> text ks=http://{{ .HTTPIP }}:{{ .HTTPPort }}/ks.cfg<enter><wait>"
            ],
            "format": "ova",
            "guest_os_type": "RedHat_64",
            "guest_additions_mode": "disable",
            "hard_drive_interface": "sata",
            "hard_drive_nonrotational": true,
            "hard_drive_discard": true,
            "memory": "1536",
            "vboxmanage": [
		[
		    "modifyvm",
		    "{{.Name}}",
		    "--nictype1",
		    "virtio"
                ]
            ]
        }
    ],
    "provisioners": [
        {
            "type": "file",
            "source": "{{ user `setup_folder` }}",
            "destination": "/home/{{ user `admin_user` }}/setup"
	},
        {
            "type": "shell",
            "inline": [
		"chmod 755 /home/{{ user `admin_user`}}/setup/install_script.sh",
		"sudo /home/{{ user `admin_user`}}/setup/install_script.sh"
            ]
        }
    ]
}
